[{"identifier":{"id":"rangav.vscode-thunder-client","uuid":"2fd56207-78ef-49d4-95d2-9b801eee4dbf"},"version":"2.20.3","location":{"$mid":1,"path":"/c:/Users/Karsten/.vscode/extensions/rangav.vscode-thunder-client-2.20.3","scheme":"file"},"relativeLocation":"rangav.vscode-thunder-client-2.20.3","metadata":{"isApplicationScoped":false,"isMachineScoped":false,"isBuiltin":false,"installedTimestamp":1730214287276,"pinned":true,"source":"gallery","id":"2fd56207-78ef-49d4-95d2-9b801eee4dbf","publisherId":"f6503eef-4f6f-415c-b1e0-221209c035ee","publisherDisplayName":"Thunder Client","targetPlatform":"undefined","updated":true,"isPreReleaseVersion":false,"hasPreReleaseVersion":false,"preRelease":false}}]